{
  "mae": 3.252134323120117,
  "mse": 17.586578369140625,
  "r2": 0.7755896679345231,
  "residual_mean": 0.675171971321106,
  "residual_std": 4.138927459716797,
  "rmse": 4.193635459734265
}