epoch,mse
1,2.248618369102478
2,1.3986967039108276
3,0.878453254699707
4,0.5554160237312317
5,0.3538587713241577
