sin_doy,cos_doy,year_norm,precip_log1p,snow_log1p,sunshine_frac_day,wind_norm,et0_norm,y
0.997325,0.07309512,1.1666666,0.27763173,0.0806579,0.49030223,0.32866666,0.1846,4.7
