epoch,mse
1,137.03576113409085
2,112.78405576336473
