{
  "cos_doy": 0.07309512048959732,
  "et0_norm": 0.18459999561309814,
  "precip_log1p": 0.2776317298412323,
  "sin_doy": 0.9973250031471252,
  "snow_log1p": 0.08065789937973022,
  "sunshine_frac_day": 0.4903022348880768,
  "wind_norm": 0.32866665720939636,
  "year_norm": 1.1666666269302368
}